{
  "dbscan_silhouette": 0.23151759803295135,
  "dbscan_clusters": 3,
  "iso_forest_recall_20": 0.2203539080845354
}
