{
  "objective": "multiclass",
  "num_class": 9,
  "metric": "multi_logloss",
  "boosting_type": "gbdt",
  "random_state": 42,
  "n_jobs": -1,
  "verbose": -1,
  "n_estimators": 400,
  "learning_rate": 0.14886946859611125,
  "num_leaves": 213,
  "max_depth": 9,
  "min_child_samples": 45,
  "subsample": 0.6228059941384397,
  "colsample_bytree": 0.7970489483022849,
  "reg_alpha": 1.1960100015210613,
  "reg_lambda": 0.001129059573387677,
  "class_weight": "balanced"
}
